timestamp,camera_name,zone_name,track_id,violation_type,missing_ppe,detected_ppe,required_ppe,confidence_mean,evidence_path
2026-04-14 07:20:54,gate_cam_1,general_factory,2,missing_helmet_and_vest_and_goggles_and_safety_shoes,"helmet, vest, goggles, safety_shoes",,"helmet, vest, goggles, safety_shoes",0.0,output_webcam_construction6_fixed\evidences\20260414_072054_cam-gate_cam_1_id-2_missing-helmet-vest-goggles-safety_shoes.jpg
2026-04-14 07:20:55,gate_cam_1,general_factory,2,missing_helmet_and_vest_and_goggles_and_safety_shoes,"helmet, vest, goggles, safety_shoes",,"helmet, vest, goggles, safety_shoes",0.0,output_webcam_construction6_fixed\evidences\20260414_072055_cam-gate_cam_1_id-2_missing-helmet-vest-goggles-safety_shoes.jpg
2026-04-14 07:20:55,gate_cam_1,general_factory,2,missing_helmet_and_vest_and_goggles_and_safety_shoes,"helmet, vest, goggles, safety_shoes",,"helmet, vest, goggles, safety_shoes",0.0,output_webcam_construction6_fixed\evidences\20260414_072055_cam-gate_cam_1_id-2_missing-helmet-vest-goggles-safety_shoes.jpg
2026-04-14 07:20:55,gate_cam_1,general_factory,2,missing_helmet_and_vest_and_goggles_and_safety_shoes,"helmet, vest, goggles, safety_shoes",,"helmet, vest, goggles, safety_shoes",0.0,output_webcam_construction6_fixed\evidences\20260414_072055_cam-gate_cam_1_id-2_missing-helmet-vest-goggles-safety_shoes.jpg
2026-04-14 07:20:56,gate_cam_1,general_factory,2,missing_helmet_and_vest_and_goggles_and_safety_shoes,"helmet, vest, goggles, safety_shoes",,"helmet, vest, goggles, safety_shoes",0.0,output_webcam_construction6_fixed\evidences\20260414_072056_cam-gate_cam_1_id-2_missing-helmet-vest-goggles-safety_shoes.jpg
2026-04-14 07:20:56,gate_cam_1,general_factory,2,missing_helmet_and_vest_and_goggles_and_safety_shoes,"helmet, vest, goggles, safety_shoes",,"helmet, vest, goggles, safety_shoes",0.0,output_webcam_construction6_fixed\evidences\20260414_072056_cam-gate_cam_1_id-2_missing-helmet-vest-goggles-safety_shoes.jpg
2026-04-14 07:20:56,gate_cam_1,general_factory,2,missing_helmet_and_vest_and_goggles_and_safety_shoes,"helmet, vest, goggles, safety_shoes",,"helmet, vest, goggles, safety_shoes",0.0,output_webcam_construction6_fixed\evidences\20260414_072056_cam-gate_cam_1_id-2_missing-helmet-vest-goggles-safety_shoes.jpg
2026-04-14 07:20:57,gate_cam_1,general_factory,2,missing_helmet_and_vest_and_goggles_and_safety_shoes,"helmet, vest, goggles, safety_shoes",,"helmet, vest, goggles, safety_shoes",0.0,output_webcam_construction6_fixed\evidences\20260414_072057_cam-gate_cam_1_id-2_missing-helmet-vest-goggles-safety_shoes.jpg
2026-04-14 07:20:57,gate_cam_1,general_factory,2,missing_helmet_and_vest_and_goggles_and_safety_shoes,"helmet, vest, goggles, safety_shoes",,"helmet, vest, goggles, safety_shoes",0.0,output_webcam_construction6_fixed\evidences\20260414_072057_cam-gate_cam_1_id-2_missing-helmet-vest-goggles-safety_shoes.jpg
2026-04-14 07:20:57,gate_cam_1,general_factory,2,missing_helmet_and_vest_and_goggles_and_safety_shoes,"helmet, vest, goggles, safety_shoes",,"helmet, vest, goggles, safety_shoes",0.0,output_webcam_construction6_fixed\evidences\20260414_072057_cam-gate_cam_1_id-2_missing-helmet-vest-goggles-safety_shoes.jpg
2026-04-14 07:20:58,gate_cam_1,general_factory,2,missing_helmet_and_vest_and_goggles_and_safety_shoes,"helmet, vest, goggles, safety_shoes",,"helmet, vest, goggles, safety_shoes",0.0,output_webcam_construction6_fixed\evidences\20260414_072058_cam-gate_cam_1_id-2_missing-helmet-vest-goggles-safety_shoes.jpg
2026-04-14 07:20:58,gate_cam_1,general_factory,2,missing_helmet_and_vest_and_goggles_and_safety_shoes,"helmet, vest, goggles, safety_shoes",,"helmet, vest, goggles, safety_shoes",0.0,output_webcam_construction6_fixed\evidences\20260414_072058_cam-gate_cam_1_id-2_missing-helmet-vest-goggles-safety_shoes.jpg
2026-04-14 07:20:58,gate_cam_1,general_factory,2,missing_helmet_and_vest_and_goggles_and_safety_shoes,"helmet, vest, goggles, safety_shoes",,"helmet, vest, goggles, safety_shoes",0.0,output_webcam_construction6_fixed\evidences\20260414_072058_cam-gate_cam_1_id-2_missing-helmet-vest-goggles-safety_shoes.jpg
2026-04-14 07:20:58,gate_cam_1,general_factory,2,missing_helmet_and_vest_and_goggles_and_safety_shoes,"helmet, vest, goggles, safety_shoes",,"helmet, vest, goggles, safety_shoes",0.0,output_webcam_construction6_fixed\evidences\20260414_072058_cam-gate_cam_1_id-2_missing-helmet-vest-goggles-safety_shoes.jpg
2026-04-14 07:20:59,gate_cam_1,general_factory,2,missing_helmet_and_vest_and_goggles_and_safety_shoes,"helmet, vest, goggles, safety_shoes",,"helmet, vest, goggles, safety_shoes",0.0,output_webcam_construction6_fixed\evidences\20260414_072059_cam-gate_cam_1_id-2_missing-helmet-vest-goggles-safety_shoes.jpg
2026-04-14 07:20:59,gate_cam_1,general_factory,2,missing_helmet_and_vest_and_goggles_and_safety_shoes,"helmet, vest, goggles, safety_shoes",,"helmet, vest, goggles, safety_shoes",0.0,output_webcam_construction6_fixed\evidences\20260414_072059_cam-gate_cam_1_id-2_missing-helmet-vest-goggles-safety_shoes.jpg
2026-04-14 07:20:59,gate_cam_1,general_factory,2,missing_helmet_and_vest_and_goggles_and_safety_shoes,"helmet, vest, goggles, safety_shoes",,"helmet, vest, goggles, safety_shoes",0.0,output_webcam_construction6_fixed\evidences\20260414_072059_cam-gate_cam_1_id-2_missing-helmet-vest-goggles-safety_shoes.jpg
2026-04-14 07:21:00,gate_cam_1,general_factory,2,missing_helmet_and_vest_and_goggles_and_safety_shoes,"helmet, vest, goggles, safety_shoes",,"helmet, vest, goggles, safety_shoes",0.0,output_webcam_construction6_fixed\evidences\20260414_072100_cam-gate_cam_1_id-2_missing-helmet-vest-goggles-safety_shoes.jpg
2026-04-14 07:21:00,gate_cam_1,general_factory,2,missing_helmet_and_vest_and_goggles_and_safety_shoes,"helmet, vest, goggles, safety_shoes",,"helmet, vest, goggles, safety_shoes",0.0,output_webcam_construction6_fixed\evidences\20260414_072100_cam-gate_cam_1_id-2_missing-helmet-vest-goggles-safety_shoes.jpg
2026-04-14 07:21:00,gate_cam_1,general_factory,2,missing_helmet_and_vest_and_goggles_and_safety_shoes,"helmet, vest, goggles, safety_shoes",,"helmet, vest, goggles, safety_shoes",0.0,output_webcam_construction6_fixed\evidences\20260414_072100_cam-gate_cam_1_id-2_missing-helmet-vest-goggles-safety_shoes.jpg
2026-04-14 07:21:00,gate_cam_1,general_factory,2,missing_helmet_and_vest_and_goggles_and_safety_shoes,"helmet, vest, goggles, safety_shoes",,"helmet, vest, goggles, safety_shoes",0.0,output_webcam_construction6_fixed\evidences\20260414_072100_cam-gate_cam_1_id-2_missing-helmet-vest-goggles-safety_shoes.jpg
2026-04-14 07:21:01,gate_cam_1,general_factory,2,missing_helmet_and_vest_and_goggles_and_safety_shoes,"helmet, vest, goggles, safety_shoes",,"helmet, vest, goggles, safety_shoes",0.0,output_webcam_construction6_fixed\evidences\20260414_072101_cam-gate_cam_1_id-2_missing-helmet-vest-goggles-safety_shoes.jpg
2026-04-14 07:21:01,gate_cam_1,general_factory,2,missing_helmet_and_vest_and_goggles_and_safety_shoes,"helmet, vest, goggles, safety_shoes",,"helmet, vest, goggles, safety_shoes",0.0,output_webcam_construction6_fixed\evidences\20260414_072101_cam-gate_cam_1_id-2_missing-helmet-vest-goggles-safety_shoes.jpg
2026-04-14 07:21:01,gate_cam_1,general_factory,2,missing_helmet_and_vest_and_goggles_and_safety_shoes,"helmet, vest, goggles, safety_shoes",,"helmet, vest, goggles, safety_shoes",0.0,output_webcam_construction6_fixed\evidences\20260414_072101_cam-gate_cam_1_id-2_missing-helmet-vest-goggles-safety_shoes.jpg
2026-04-14 07:21:02,gate_cam_1,general_factory,2,missing_helmet_and_vest_and_goggles_and_safety_shoes,"helmet, vest, goggles, safety_shoes",,"helmet, vest, goggles, safety_shoes",0.0,output_webcam_construction6_fixed\evidences\20260414_072102_cam-gate_cam_1_id-2_missing-helmet-vest-goggles-safety_shoes.jpg
2026-04-14 07:21:02,gate_cam_1,general_factory,2,missing_helmet_and_vest_and_goggles_and_safety_shoes,"helmet, vest, goggles, safety_shoes",,"helmet, vest, goggles, safety_shoes",0.0,output_webcam_construction6_fixed\evidences\20260414_072102_cam-gate_cam_1_id-2_missing-helmet-vest-goggles-safety_shoes.jpg
2026-04-14 07:21:02,gate_cam_1,general_factory,2,missing_helmet_and_vest_and_goggles_and_safety_shoes,"helmet, vest, goggles, safety_shoes",,"helmet, vest, goggles, safety_shoes",0.0,output_webcam_construction6_fixed\evidences\20260414_072102_cam-gate_cam_1_id-2_missing-helmet-vest-goggles-safety_shoes.jpg
2026-04-14 07:21:03,gate_cam_1,general_factory,2,missing_helmet_and_vest_and_goggles_and_safety_shoes,"helmet, vest, goggles, safety_shoes",,"helmet, vest, goggles, safety_shoes",0.0,output_webcam_construction6_fixed\evidences\20260414_072103_cam-gate_cam_1_id-2_missing-helmet-vest-goggles-safety_shoes.jpg
2026-04-14 07:21:03,gate_cam_1,general_factory,2,missing_helmet_and_vest_and_goggles_and_safety_shoes,"helmet, vest, goggles, safety_shoes",,"helmet, vest, goggles, safety_shoes",0.0,output_webcam_construction6_fixed\evidences\20260414_072103_cam-gate_cam_1_id-2_missing-helmet-vest-goggles-safety_shoes.jpg
2026-04-14 07:21:03,gate_cam_1,general_factory,2,missing_helmet_and_vest_and_goggles_and_safety_shoes,"helmet, vest, goggles, safety_shoes",,"helmet, vest, goggles, safety_shoes",0.0,output_webcam_construction6_fixed\evidences\20260414_072103_cam-gate_cam_1_id-2_missing-helmet-vest-goggles-safety_shoes.jpg
2026-04-14 07:21:04,gate_cam_1,general_factory,2,missing_helmet_and_vest_and_goggles_and_safety_shoes,"helmet, vest, goggles, safety_shoes",,"helmet, vest, goggles, safety_shoes",0.0,output_webcam_construction6_fixed\evidences\20260414_072104_cam-gate_cam_1_id-2_missing-helmet-vest-goggles-safety_shoes.jpg
2026-04-14 07:21:04,gate_cam_1,general_factory,2,missing_helmet_and_vest_and_goggles_and_safety_shoes,"helmet, vest, goggles, safety_shoes",,"helmet, vest, goggles, safety_shoes",0.0,output_webcam_construction6_fixed\evidences\20260414_072104_cam-gate_cam_1_id-2_missing-helmet-vest-goggles-safety_shoes.jpg
2026-04-14 07:21:04,gate_cam_1,general_factory,2,missing_helmet_and_vest_and_goggles_and_safety_shoes,"helmet, vest, goggles, safety_shoes",,"helmet, vest, goggles, safety_shoes",0.0,output_webcam_construction6_fixed\evidences\20260414_072104_cam-gate_cam_1_id-2_missing-helmet-vest-goggles-safety_shoes.jpg
2026-04-14 07:21:05,gate_cam_1,general_factory,2,missing_helmet_and_vest_and_goggles_and_safety_shoes,"helmet, vest, goggles, safety_shoes",,"helmet, vest, goggles, safety_shoes",0.0,output_webcam_construction6_fixed\evidences\20260414_072105_cam-gate_cam_1_id-2_missing-helmet-vest-goggles-safety_shoes.jpg
2026-04-14 07:21:05,gate_cam_1,general_factory,2,missing_helmet_and_vest_and_goggles_and_safety_shoes,"helmet, vest, goggles, safety_shoes",,"helmet, vest, goggles, safety_shoes",0.0,output_webcam_construction6_fixed\evidences\20260414_072105_cam-gate_cam_1_id-2_missing-helmet-vest-goggles-safety_shoes.jpg
2026-04-14 07:21:05,gate_cam_1,general_factory,2,missing_helmet_and_vest_and_goggles_and_safety_shoes,"helmet, vest, goggles, safety_shoes",,"helmet, vest, goggles, safety_shoes",0.0,output_webcam_construction6_fixed\evidences\20260414_072105_cam-gate_cam_1_id-2_missing-helmet-vest-goggles-safety_shoes.jpg
2026-04-14 07:21:05,gate_cam_1,general_factory,2,missing_helmet_and_vest_and_goggles_and_safety_shoes,"helmet, vest, goggles, safety_shoes",,"helmet, vest, goggles, safety_shoes",0.0,output_webcam_construction6_fixed\evidences\20260414_072105_cam-gate_cam_1_id-2_missing-helmet-vest-goggles-safety_shoes.jpg
2026-04-14 07:21:06,gate_cam_1,general_factory,2,missing_helmet_and_vest_and_goggles_and_safety_shoes,"helmet, vest, goggles, safety_shoes",,"helmet, vest, goggles, safety_shoes",0.0,output_webcam_construction6_fixed\evidences\20260414_072106_cam-gate_cam_1_id-2_missing-helmet-vest-goggles-safety_shoes.jpg
2026-04-14 07:21:06,gate_cam_1,general_factory,2,missing_helmet_and_vest_and_goggles_and_safety_shoes,"helmet, vest, goggles, safety_shoes",,"helmet, vest, goggles, safety_shoes",0.0,output_webcam_construction6_fixed\evidences\20260414_072106_cam-gate_cam_1_id-2_missing-helmet-vest-goggles-safety_shoes.jpg
2026-04-14 07:21:06,gate_cam_1,general_factory,2,missing_helmet_and_vest_and_goggles_and_safety_shoes,"helmet, vest, goggles, safety_shoes",,"helmet, vest, goggles, safety_shoes",0.0,output_webcam_construction6_fixed\evidences\20260414_072106_cam-gate_cam_1_id-2_missing-helmet-vest-goggles-safety_shoes.jpg
2026-04-14 07:21:07,gate_cam_1,general_factory,2,missing_helmet_and_vest_and_goggles_and_safety_shoes,"helmet, vest, goggles, safety_shoes",,"helmet, vest, goggles, safety_shoes",0.0,output_webcam_construction6_fixed\evidences\20260414_072107_cam-gate_cam_1_id-2_missing-helmet-vest-goggles-safety_shoes.jpg
2026-04-14 07:21:07,gate_cam_1,general_factory,2,missing_helmet_and_vest_and_goggles_and_safety_shoes,"helmet, vest, goggles, safety_shoes",,"helmet, vest, goggles, safety_shoes",0.0,output_webcam_construction6_fixed\evidences\20260414_072107_cam-gate_cam_1_id-2_missing-helmet-vest-goggles-safety_shoes.jpg
2026-04-14 07:21:07,gate_cam_1,general_factory,2,missing_helmet_and_vest_and_goggles_and_safety_shoes,"helmet, vest, goggles, safety_shoes",,"helmet, vest, goggles, safety_shoes",0.0,output_webcam_construction6_fixed\evidences\20260414_072107_cam-gate_cam_1_id-2_missing-helmet-vest-goggles-safety_shoes.jpg
2026-04-14 07:21:08,gate_cam_1,general_factory,2,missing_helmet_and_vest_and_goggles_and_safety_shoes,"helmet, vest, goggles, safety_shoes",,"helmet, vest, goggles, safety_shoes",0.0,output_webcam_construction6_fixed\evidences\20260414_072108_cam-gate_cam_1_id-2_missing-helmet-vest-goggles-safety_shoes.jpg
2026-04-14 07:21:08,gate_cam_1,general_factory,2,missing_helmet_and_vest_and_goggles_and_safety_shoes,"helmet, vest, goggles, safety_shoes",,"helmet, vest, goggles, safety_shoes",0.0,output_webcam_construction6_fixed\evidences\20260414_072108_cam-gate_cam_1_id-2_missing-helmet-vest-goggles-safety_shoes.jpg
2026-04-14 07:21:08,gate_cam_1,general_factory,2,missing_helmet_and_vest_and_goggles_and_safety_shoes,"helmet, vest, goggles, safety_shoes",,"helmet, vest, goggles, safety_shoes",0.0,output_webcam_construction6_fixed\evidences\20260414_072108_cam-gate_cam_1_id-2_missing-helmet-vest-goggles-safety_shoes.jpg
2026-04-14 07:21:09,gate_cam_1,general_factory,2,missing_helmet_and_vest_and_goggles_and_safety_shoes,"helmet, vest, goggles, safety_shoes",,"helmet, vest, goggles, safety_shoes",0.0,output_webcam_construction6_fixed\evidences\20260414_072109_cam-gate_cam_1_id-2_missing-helmet-vest-goggles-safety_shoes.jpg
2026-04-14 07:21:09,gate_cam_1,general_factory,2,missing_helmet_and_vest_and_goggles_and_safety_shoes,"helmet, vest, goggles, safety_shoes",,"helmet, vest, goggles, safety_shoes",0.0,output_webcam_construction6_fixed\evidences\20260414_072109_cam-gate_cam_1_id-2_missing-helmet-vest-goggles-safety_shoes.jpg
2026-04-14 07:21:09,gate_cam_1,general_factory,2,missing_helmet_and_vest_and_goggles_and_safety_shoes,"helmet, vest, goggles, safety_shoes",,"helmet, vest, goggles, safety_shoes",0.0,output_webcam_construction6_fixed\evidences\20260414_072109_cam-gate_cam_1_id-2_missing-helmet-vest-goggles-safety_shoes.jpg
2026-04-14 07:21:09,gate_cam_1,general_factory,2,missing_helmet_and_vest_and_goggles_and_safety_shoes,"helmet, vest, goggles, safety_shoes",,"helmet, vest, goggles, safety_shoes",0.0,output_webcam_construction6_fixed\evidences\20260414_072109_cam-gate_cam_1_id-2_missing-helmet-vest-goggles-safety_shoes.jpg
2026-04-14 07:21:10,gate_cam_1,general_factory,2,missing_helmet_and_vest_and_goggles_and_safety_shoes,"helmet, vest, goggles, safety_shoes",,"helmet, vest, goggles, safety_shoes",0.0,output_webcam_construction6_fixed\evidences\20260414_072110_cam-gate_cam_1_id-2_missing-helmet-vest-goggles-safety_shoes.jpg
2026-04-14 07:21:10,gate_cam_1,general_factory,2,missing_helmet_and_vest_and_goggles_and_safety_shoes,"helmet, vest, goggles, safety_shoes",,"helmet, vest, goggles, safety_shoes",0.0,output_webcam_construction6_fixed\evidences\20260414_072110_cam-gate_cam_1_id-2_missing-helmet-vest-goggles-safety_shoes.jpg
2026-04-14 07:21:10,gate_cam_1,general_factory,2,missing_helmet_and_vest_and_goggles_and_safety_shoes,"helmet, vest, goggles, safety_shoes",,"helmet, vest, goggles, safety_shoes",0.0,output_webcam_construction6_fixed\evidences\20260414_072110_cam-gate_cam_1_id-2_missing-helmet-vest-goggles-safety_shoes.jpg
2026-04-14 07:21:11,gate_cam_1,general_factory,2,missing_helmet_and_vest_and_goggles_and_safety_shoes,"helmet, vest, goggles, safety_shoes",,"helmet, vest, goggles, safety_shoes",0.0,output_webcam_construction6_fixed\evidences\20260414_072111_cam-gate_cam_1_id-2_missing-helmet-vest-goggles-safety_shoes.jpg
2026-04-14 07:21:11,gate_cam_1,general_factory,2,missing_helmet_and_vest_and_goggles_and_safety_shoes,"helmet, vest, goggles, safety_shoes",,"helmet, vest, goggles, safety_shoes",0.0,output_webcam_construction6_fixed\evidences\20260414_072111_cam-gate_cam_1_id-2_missing-helmet-vest-goggles-safety_shoes.jpg
2026-04-14 07:21:11,gate_cam_1,general_factory,2,missing_helmet_and_vest_and_goggles_and_safety_shoes,"helmet, vest, goggles, safety_shoes",,"helmet, vest, goggles, safety_shoes",0.0,output_webcam_construction6_fixed\evidences\20260414_072111_cam-gate_cam_1_id-2_missing-helmet-vest-goggles-safety_shoes.jpg
2026-04-14 07:21:12,gate_cam_1,general_factory,2,missing_helmet_and_vest_and_goggles_and_safety_shoes,"helmet, vest, goggles, safety_shoes",,"helmet, vest, goggles, safety_shoes",0.0,output_webcam_construction6_fixed\evidences\20260414_072112_cam-gate_cam_1_id-2_missing-helmet-vest-goggles-safety_shoes.jpg
2026-04-14 07:21:12,gate_cam_1,general_factory,2,missing_helmet_and_vest_and_goggles_and_safety_shoes,"helmet, vest, goggles, safety_shoes",,"helmet, vest, goggles, safety_shoes",0.0,output_webcam_construction6_fixed\evidences\20260414_072112_cam-gate_cam_1_id-2_missing-helmet-vest-goggles-safety_shoes.jpg
2026-04-14 07:21:12,gate_cam_1,general_factory,2,missing_helmet_and_vest_and_goggles_and_safety_shoes,"helmet, vest, goggles, safety_shoes",,"helmet, vest, goggles, safety_shoes",0.0,output_webcam_construction6_fixed\evidences\20260414_072112_cam-gate_cam_1_id-2_missing-helmet-vest-goggles-safety_shoes.jpg
2026-04-14 07:21:12,gate_cam_1,general_factory,2,missing_helmet_and_vest_and_goggles_and_safety_shoes,"helmet, vest, goggles, safety_shoes",,"helmet, vest, goggles, safety_shoes",0.0,output_webcam_construction6_fixed\evidences\20260414_072112_cam-gate_cam_1_id-2_missing-helmet-vest-goggles-safety_shoes.jpg
2026-04-14 07:21:13,gate_cam_1,general_factory,2,missing_helmet_and_vest_and_goggles_and_safety_shoes,"helmet, vest, goggles, safety_shoes",,"helmet, vest, goggles, safety_shoes",0.0,output_webcam_construction6_fixed\evidences\20260414_072113_cam-gate_cam_1_id-2_missing-helmet-vest-goggles-safety_shoes.jpg
2026-04-14 07:21:13,gate_cam_1,general_factory,2,missing_helmet_and_vest_and_goggles_and_safety_shoes,"helmet, vest, goggles, safety_shoes",,"helmet, vest, goggles, safety_shoes",0.0,output_webcam_construction6_fixed\evidences\20260414_072113_cam-gate_cam_1_id-2_missing-helmet-vest-goggles-safety_shoes.jpg
2026-04-14 07:21:13,gate_cam_1,general_factory,2,missing_helmet_and_vest_and_goggles_and_safety_shoes,"helmet, vest, goggles, safety_shoes",,"helmet, vest, goggles, safety_shoes",0.0,output_webcam_construction6_fixed\evidences\20260414_072113_cam-gate_cam_1_id-2_missing-helmet-vest-goggles-safety_shoes.jpg
2026-04-14 07:21:14,gate_cam_1,general_factory,2,missing_helmet_and_vest_and_goggles_and_safety_shoes,"helmet, vest, goggles, safety_shoes",,"helmet, vest, goggles, safety_shoes",0.0,output_webcam_construction6_fixed\evidences\20260414_072114_cam-gate_cam_1_id-2_missing-helmet-vest-goggles-safety_shoes.jpg
2026-04-14 07:21:14,gate_cam_1,general_factory,2,missing_helmet_and_vest_and_goggles_and_safety_shoes,"helmet, vest, goggles, safety_shoes",,"helmet, vest, goggles, safety_shoes",0.0,output_webcam_construction6_fixed\evidences\20260414_072114_cam-gate_cam_1_id-2_missing-helmet-vest-goggles-safety_shoes.jpg
2026-04-14 07:21:14,gate_cam_1,general_factory,2,missing_helmet_and_vest_and_goggles_and_safety_shoes,"helmet, vest, goggles, safety_shoes",,"helmet, vest, goggles, safety_shoes",0.0,output_webcam_construction6_fixed\evidences\20260414_072114_cam-gate_cam_1_id-2_missing-helmet-vest-goggles-safety_shoes.jpg
2026-04-14 07:21:15,gate_cam_1,general_factory,2,missing_helmet_and_vest_and_goggles_and_safety_shoes,"helmet, vest, goggles, safety_shoes",,"helmet, vest, goggles, safety_shoes",0.0,output_webcam_construction6_fixed\evidences\20260414_072115_cam-gate_cam_1_id-2_missing-helmet-vest-goggles-safety_shoes.jpg
2026-04-14 07:21:15,gate_cam_1,general_factory,2,missing_helmet_and_vest_and_goggles_and_safety_shoes,"helmet, vest, goggles, safety_shoes",,"helmet, vest, goggles, safety_shoes",0.0,output_webcam_construction6_fixed\evidences\20260414_072115_cam-gate_cam_1_id-2_missing-helmet-vest-goggles-safety_shoes.jpg
2026-04-14 07:21:15,gate_cam_1,general_factory,2,missing_helmet_and_vest_and_goggles_and_safety_shoes,"helmet, vest, goggles, safety_shoes",,"helmet, vest, goggles, safety_shoes",0.0,output_webcam_construction6_fixed\evidences\20260414_072115_cam-gate_cam_1_id-2_missing-helmet-vest-goggles-safety_shoes.jpg
2026-04-14 07:21:16,gate_cam_1,general_factory,2,missing_helmet_and_vest_and_goggles_and_safety_shoes,"helmet, vest, goggles, safety_shoes",,"helmet, vest, goggles, safety_shoes",0.0,output_webcam_construction6_fixed\evidences\20260414_072116_cam-gate_cam_1_id-2_missing-helmet-vest-goggles-safety_shoes.jpg
2026-04-14 07:21:16,gate_cam_1,general_factory,2,missing_helmet_and_vest_and_goggles_and_safety_shoes,"helmet, vest, goggles, safety_shoes",,"helmet, vest, goggles, safety_shoes",0.0,output_webcam_construction6_fixed\evidences\20260414_072116_cam-gate_cam_1_id-2_missing-helmet-vest-goggles-safety_shoes.jpg
2026-04-14 07:21:16,gate_cam_1,general_factory,2,missing_helmet_and_vest_and_goggles_and_safety_shoes,"helmet, vest, goggles, safety_shoes",,"helmet, vest, goggles, safety_shoes",0.0,output_webcam_construction6_fixed\evidences\20260414_072116_cam-gate_cam_1_id-2_missing-helmet-vest-goggles-safety_shoes.jpg
2026-04-14 07:21:16,gate_cam_1,general_factory,2,missing_helmet_and_vest_and_goggles_and_safety_shoes,"helmet, vest, goggles, safety_shoes",,"helmet, vest, goggles, safety_shoes",0.0,output_webcam_construction6_fixed\evidences\20260414_072116_cam-gate_cam_1_id-2_missing-helmet-vest-goggles-safety_shoes.jpg
2026-04-14 07:21:17,gate_cam_1,general_factory,2,missing_helmet_and_vest_and_goggles_and_safety_shoes,"helmet, vest, goggles, safety_shoes",,"helmet, vest, goggles, safety_shoes",0.0,output_webcam_construction6_fixed\evidences\20260414_072117_cam-gate_cam_1_id-2_missing-helmet-vest-goggles-safety_shoes.jpg
2026-04-14 07:21:17,gate_cam_1,general_factory,2,missing_helmet_and_vest_and_goggles_and_safety_shoes,"helmet, vest, goggles, safety_shoes",,"helmet, vest, goggles, safety_shoes",0.0,output_webcam_construction6_fixed\evidences\20260414_072117_cam-gate_cam_1_id-2_missing-helmet-vest-goggles-safety_shoes.jpg
2026-04-14 07:21:17,gate_cam_1,general_factory,2,missing_helmet_and_vest_and_goggles_and_safety_shoes,"helmet, vest, goggles, safety_shoes",,"helmet, vest, goggles, safety_shoes",0.0,output_webcam_construction6_fixed\evidences\20260414_072117_cam-gate_cam_1_id-2_missing-helmet-vest-goggles-safety_shoes.jpg
2026-04-14 07:21:18,gate_cam_1,general_factory,2,missing_helmet_and_vest_and_goggles_and_safety_shoes,"helmet, vest, goggles, safety_shoes",,"helmet, vest, goggles, safety_shoes",0.0,output_webcam_construction6_fixed\evidences\20260414_072118_cam-gate_cam_1_id-2_missing-helmet-vest-goggles-safety_shoes.jpg
2026-04-14 07:21:18,gate_cam_1,general_factory,2,missing_helmet_and_vest_and_goggles_and_safety_shoes,"helmet, vest, goggles, safety_shoes",,"helmet, vest, goggles, safety_shoes",0.0,output_webcam_construction6_fixed\evidences\20260414_072118_cam-gate_cam_1_id-2_missing-helmet-vest-goggles-safety_shoes.jpg
2026-04-14 07:21:18,gate_cam_1,general_factory,2,missing_helmet_and_vest_and_goggles_and_safety_shoes,"helmet, vest, goggles, safety_shoes",,"helmet, vest, goggles, safety_shoes",0.0,output_webcam_construction6_fixed\evidences\20260414_072118_cam-gate_cam_1_id-2_missing-helmet-vest-goggles-safety_shoes.jpg
2026-04-14 07:21:19,gate_cam_1,general_factory,2,missing_helmet_and_vest_and_goggles_and_safety_shoes,"helmet, vest, goggles, safety_shoes",,"helmet, vest, goggles, safety_shoes",0.0,output_webcam_construction6_fixed\evidences\20260414_072119_cam-gate_cam_1_id-2_missing-helmet-vest-goggles-safety_shoes.jpg
2026-04-14 07:21:19,gate_cam_1,general_factory,2,missing_helmet_and_vest_and_goggles_and_safety_shoes,"helmet, vest, goggles, safety_shoes",,"helmet, vest, goggles, safety_shoes",0.0,output_webcam_construction6_fixed\evidences\20260414_072119_cam-gate_cam_1_id-2_missing-helmet-vest-goggles-safety_shoes.jpg
2026-04-14 07:21:19,gate_cam_1,general_factory,2,missing_helmet_and_vest_and_goggles_and_safety_shoes,"helmet, vest, goggles, safety_shoes",,"helmet, vest, goggles, safety_shoes",0.0,output_webcam_construction6_fixed\evidences\20260414_072119_cam-gate_cam_1_id-2_missing-helmet-vest-goggles-safety_shoes.jpg
2026-04-14 07:21:20,gate_cam_1,general_factory,2,missing_helmet_and_vest_and_goggles_and_safety_shoes,"helmet, vest, goggles, safety_shoes",,"helmet, vest, goggles, safety_shoes",0.0,output_webcam_construction6_fixed\evidences\20260414_072120_cam-gate_cam_1_id-2_missing-helmet-vest-goggles-safety_shoes.jpg
2026-04-14 07:21:20,gate_cam_1,general_factory,2,missing_helmet_and_vest_and_goggles_and_safety_shoes,"helmet, vest, goggles, safety_shoes",,"helmet, vest, goggles, safety_shoes",0.0,output_webcam_construction6_fixed\evidences\20260414_072120_cam-gate_cam_1_id-2_missing-helmet-vest-goggles-safety_shoes.jpg
2026-04-14 07:21:20,gate_cam_1,general_factory,2,missing_helmet_and_vest_and_goggles_and_safety_shoes,"helmet, vest, goggles, safety_shoes",,"helmet, vest, goggles, safety_shoes",0.0,output_webcam_construction6_fixed\evidences\20260414_072120_cam-gate_cam_1_id-2_missing-helmet-vest-goggles-safety_shoes.jpg
2026-04-14 07:21:20,gate_cam_1,general_factory,2,missing_helmet_and_vest_and_goggles_and_safety_shoes,"helmet, vest, goggles, safety_shoes",,"helmet, vest, goggles, safety_shoes",0.0,output_webcam_construction6_fixed\evidences\20260414_072120_cam-gate_cam_1_id-2_missing-helmet-vest-goggles-safety_shoes.jpg
2026-04-14 07:21:21,gate_cam_1,general_factory,2,missing_helmet_and_vest_and_goggles_and_safety_shoes,"helmet, vest, goggles, safety_shoes",,"helmet, vest, goggles, safety_shoes",0.0,output_webcam_construction6_fixed\evidences\20260414_072121_cam-gate_cam_1_id-2_missing-helmet-vest-goggles-safety_shoes.jpg
2026-04-14 07:21:21,gate_cam_1,general_factory,2,missing_helmet_and_vest_and_goggles_and_safety_shoes,"helmet, vest, goggles, safety_shoes",,"helmet, vest, goggles, safety_shoes",0.0,output_webcam_construction6_fixed\evidences\20260414_072121_cam-gate_cam_1_id-2_missing-helmet-vest-goggles-safety_shoes.jpg
2026-04-14 07:21:21,gate_cam_1,general_factory,2,missing_helmet_and_vest_and_goggles_and_safety_shoes,"helmet, vest, goggles, safety_shoes",,"helmet, vest, goggles, safety_shoes",0.0,output_webcam_construction6_fixed\evidences\20260414_072121_cam-gate_cam_1_id-2_missing-helmet-vest-goggles-safety_shoes.jpg
2026-04-14 07:21:22,gate_cam_1,general_factory,2,missing_helmet_and_vest_and_goggles_and_safety_shoes,"helmet, vest, goggles, safety_shoes",,"helmet, vest, goggles, safety_shoes",0.0,output_webcam_construction6_fixed\evidences\20260414_072122_cam-gate_cam_1_id-2_missing-helmet-vest-goggles-safety_shoes.jpg
2026-04-14 07:21:22,gate_cam_1,general_factory,2,missing_helmet_and_vest_and_goggles_and_safety_shoes,"helmet, vest, goggles, safety_shoes",,"helmet, vest, goggles, safety_shoes",0.0,output_webcam_construction6_fixed\evidences\20260414_072122_cam-gate_cam_1_id-2_missing-helmet-vest-goggles-safety_shoes.jpg
2026-04-14 07:21:23,gate_cam_1,general_factory,2,missing_helmet_and_vest_and_goggles_and_safety_shoes,"helmet, vest, goggles, safety_shoes",,"helmet, vest, goggles, safety_shoes",0.0,output_webcam_construction6_fixed\evidences\20260414_072123_cam-gate_cam_1_id-2_missing-helmet-vest-goggles-safety_shoes.jpg
2026-04-14 07:21:23,gate_cam_1,general_factory,2,missing_helmet_and_vest_and_goggles_and_safety_shoes,"helmet, vest, goggles, safety_shoes",,"helmet, vest, goggles, safety_shoes",0.0,output_webcam_construction6_fixed\evidences\20260414_072123_cam-gate_cam_1_id-2_missing-helmet-vest-goggles-safety_shoes.jpg
2026-04-14 07:21:23,gate_cam_1,general_factory,2,missing_helmet_and_vest_and_goggles_and_safety_shoes,"helmet, vest, goggles, safety_shoes",,"helmet, vest, goggles, safety_shoes",0.0,output_webcam_construction6_fixed\evidences\20260414_072123_cam-gate_cam_1_id-2_missing-helmet-vest-goggles-safety_shoes.jpg
2026-04-14 07:21:23,gate_cam_1,general_factory,2,missing_helmet_and_vest_and_goggles_and_safety_shoes,"helmet, vest, goggles, safety_shoes",,"helmet, vest, goggles, safety_shoes",0.0,output_webcam_construction6_fixed\evidences\20260414_072123_cam-gate_cam_1_id-2_missing-helmet-vest-goggles-safety_shoes.jpg
2026-04-14 07:21:24,gate_cam_1,general_factory,2,missing_helmet_and_vest_and_goggles_and_safety_shoes,"helmet, vest, goggles, safety_shoes",,"helmet, vest, goggles, safety_shoes",0.0,output_webcam_construction6_fixed\evidences\20260414_072124_cam-gate_cam_1_id-2_missing-helmet-vest-goggles-safety_shoes.jpg
2026-04-14 07:21:24,gate_cam_1,general_factory,2,missing_helmet_and_vest_and_goggles_and_safety_shoes,"helmet, vest, goggles, safety_shoes",,"helmet, vest, goggles, safety_shoes",0.0,output_webcam_construction6_fixed\evidences\20260414_072124_cam-gate_cam_1_id-2_missing-helmet-vest-goggles-safety_shoes.jpg
2026-04-14 07:21:24,gate_cam_1,general_factory,2,missing_helmet_and_vest_and_goggles_and_safety_shoes,"helmet, vest, goggles, safety_shoes",,"helmet, vest, goggles, safety_shoes",0.0,output_webcam_construction6_fixed\evidences\20260414_072124_cam-gate_cam_1_id-2_missing-helmet-vest-goggles-safety_shoes.jpg
2026-04-14 07:21:25,gate_cam_1,general_factory,2,missing_helmet_and_vest_and_goggles_and_safety_shoes,"helmet, vest, goggles, safety_shoes",,"helmet, vest, goggles, safety_shoes",0.0,output_webcam_construction6_fixed\evidences\20260414_072125_cam-gate_cam_1_id-2_missing-helmet-vest-goggles-safety_shoes.jpg
2026-04-14 07:21:25,gate_cam_1,general_factory,2,missing_helmet_and_vest_and_goggles_and_safety_shoes,"helmet, vest, goggles, safety_shoes",,"helmet, vest, goggles, safety_shoes",0.0,output_webcam_construction6_fixed\evidences\20260414_072125_cam-gate_cam_1_id-2_missing-helmet-vest-goggles-safety_shoes.jpg
2026-04-14 07:21:25,gate_cam_1,general_factory,2,missing_helmet_and_vest_and_goggles_and_safety_shoes,"helmet, vest, goggles, safety_shoes",,"helmet, vest, goggles, safety_shoes",0.0,output_webcam_construction6_fixed\evidences\20260414_072125_cam-gate_cam_1_id-2_missing-helmet-vest-goggles-safety_shoes.jpg
2026-04-14 07:21:26,gate_cam_1,general_factory,2,missing_helmet_and_vest_and_goggles_and_safety_shoes,"helmet, vest, goggles, safety_shoes",,"helmet, vest, goggles, safety_shoes",0.0,output_webcam_construction6_fixed\evidences\20260414_072126_cam-gate_cam_1_id-2_missing-helmet-vest-goggles-safety_shoes.jpg
2026-04-14 07:21:26,gate_cam_1,general_factory,2,missing_helmet_and_vest_and_goggles_and_safety_shoes,"helmet, vest, goggles, safety_shoes",,"helmet, vest, goggles, safety_shoes",0.0,output_webcam_construction6_fixed\evidences\20260414_072126_cam-gate_cam_1_id-2_missing-helmet-vest-goggles-safety_shoes.jpg
2026-04-14 07:21:26,gate_cam_1,general_factory,2,missing_helmet_and_vest_and_goggles_and_safety_shoes,"helmet, vest, goggles, safety_shoes",,"helmet, vest, goggles, safety_shoes",0.0,output_webcam_construction6_fixed\evidences\20260414_072126_cam-gate_cam_1_id-2_missing-helmet-vest-goggles-safety_shoes.jpg
2026-04-14 07:21:27,gate_cam_1,general_factory,2,missing_helmet_and_vest_and_goggles_and_safety_shoes,"helmet, vest, goggles, safety_shoes",,"helmet, vest, goggles, safety_shoes",0.0,output_webcam_construction6_fixed\evidences\20260414_072127_cam-gate_cam_1_id-2_missing-helmet-vest-goggles-safety_shoes.jpg
2026-04-14 07:21:28,gate_cam_1,general_factory,2,missing_helmet_and_vest_and_goggles_and_safety_shoes,"helmet, vest, goggles, safety_shoes",,"helmet, vest, goggles, safety_shoes",0.0,output_webcam_construction6_fixed\evidences\20260414_072128_cam-gate_cam_1_id-2_missing-helmet-vest-goggles-safety_shoes.jpg
2026-04-14 07:21:28,gate_cam_1,general_factory,2,missing_helmet_and_vest_and_goggles_and_safety_shoes,"helmet, vest, goggles, safety_shoes",,"helmet, vest, goggles, safety_shoes",0.0,output_webcam_construction6_fixed\evidences\20260414_072128_cam-gate_cam_1_id-2_missing-helmet-vest-goggles-safety_shoes.jpg
2026-04-14 07:21:32,gate_cam_1,general_factory,10,missing_helmet_and_vest_and_goggles_and_safety_shoes,"helmet, vest, goggles, safety_shoes",,"helmet, vest, goggles, safety_shoes",0.0,output_webcam_construction6_fixed\evidences\20260414_072132_cam-gate_cam_1_id-10_missing-helmet-vest-goggles-safety_shoes.jpg
2026-04-14 07:21:32,gate_cam_1,general_factory,10,missing_helmet_and_vest_and_goggles_and_safety_shoes,"helmet, vest, goggles, safety_shoes",,"helmet, vest, goggles, safety_shoes",0.0,output_webcam_construction6_fixed\evidences\20260414_072132_cam-gate_cam_1_id-10_missing-helmet-vest-goggles-safety_shoes.jpg
2026-04-14 07:21:33,gate_cam_1,general_factory,10,missing_helmet_and_vest_and_goggles_and_safety_shoes,"helmet, vest, goggles, safety_shoes",,"helmet, vest, goggles, safety_shoes",0.0,output_webcam_construction6_fixed\evidences\20260414_072133_cam-gate_cam_1_id-10_missing-helmet-vest-goggles-safety_shoes.jpg
2026-04-14 07:21:33,gate_cam_1,general_factory,10,missing_helmet_and_vest_and_goggles_and_safety_shoes,"helmet, vest, goggles, safety_shoes",,"helmet, vest, goggles, safety_shoes",0.0,output_webcam_construction6_fixed\evidences\20260414_072133_cam-gate_cam_1_id-10_missing-helmet-vest-goggles-safety_shoes.jpg
2026-04-14 07:21:34,gate_cam_1,general_factory,10,missing_helmet_and_vest_and_goggles_and_safety_shoes,"helmet, vest, goggles, safety_shoes",,"helmet, vest, goggles, safety_shoes",0.0,output_webcam_construction6_fixed\evidences\20260414_072134_cam-gate_cam_1_id-10_missing-helmet-vest-goggles-safety_shoes.jpg
2026-04-14 07:21:34,gate_cam_1,general_factory,10,missing_helmet_and_vest_and_goggles_and_safety_shoes,"helmet, vest, goggles, safety_shoes",,"helmet, vest, goggles, safety_shoes",0.0,output_webcam_construction6_fixed\evidences\20260414_072134_cam-gate_cam_1_id-10_missing-helmet-vest-goggles-safety_shoes.jpg
2026-04-14 07:21:34,gate_cam_1,general_factory,10,missing_helmet_and_vest_and_goggles_and_safety_shoes,"helmet, vest, goggles, safety_shoes",,"helmet, vest, goggles, safety_shoes",0.0,output_webcam_construction6_fixed\evidences\20260414_072134_cam-gate_cam_1_id-10_missing-helmet-vest-goggles-safety_shoes.jpg
2026-04-14 07:21:34,gate_cam_1,general_factory,10,missing_helmet_and_vest_and_goggles_and_safety_shoes,"helmet, vest, goggles, safety_shoes",,"helmet, vest, goggles, safety_shoes",0.0,output_webcam_construction6_fixed\evidences\20260414_072134_cam-gate_cam_1_id-10_missing-helmet-vest-goggles-safety_shoes.jpg
2026-04-14 07:21:35,gate_cam_1,general_factory,10,missing_helmet_and_vest_and_goggles_and_safety_shoes,"helmet, vest, goggles, safety_shoes",,"helmet, vest, goggles, safety_shoes",0.0,output_webcam_construction6_fixed\evidences\20260414_072135_cam-gate_cam_1_id-10_missing-helmet-vest-goggles-safety_shoes.jpg
2026-04-14 07:21:35,gate_cam_1,general_factory,10,missing_helmet_and_vest_and_goggles_and_safety_shoes,"helmet, vest, goggles, safety_shoes",,"helmet, vest, goggles, safety_shoes",0.0,output_webcam_construction6_fixed\evidences\20260414_072135_cam-gate_cam_1_id-10_missing-helmet-vest-goggles-safety_shoes.jpg
2026-04-14 07:21:35,gate_cam_1,general_factory,10,missing_helmet_and_vest_and_goggles_and_safety_shoes,"helmet, vest, goggles, safety_shoes",,"helmet, vest, goggles, safety_shoes",0.0,output_webcam_construction6_fixed\evidences\20260414_072135_cam-gate_cam_1_id-10_missing-helmet-vest-goggles-safety_shoes.jpg
2026-04-14 07:21:36,gate_cam_1,general_factory,10,missing_helmet_and_vest_and_goggles_and_safety_shoes,"helmet, vest, goggles, safety_shoes",,"helmet, vest, goggles, safety_shoes",0.0,output_webcam_construction6_fixed\evidences\20260414_072136_cam-gate_cam_1_id-10_missing-helmet-vest-goggles-safety_shoes.jpg
2026-04-14 07:21:36,gate_cam_1,general_factory,10,missing_helmet_and_vest_and_goggles_and_safety_shoes,"helmet, vest, goggles, safety_shoes",,"helmet, vest, goggles, safety_shoes",0.0,output_webcam_construction6_fixed\evidences\20260414_072136_cam-gate_cam_1_id-10_missing-helmet-vest-goggles-safety_shoes.jpg
2026-04-14 07:21:36,gate_cam_1,general_factory,10,missing_helmet_and_vest_and_goggles_and_safety_shoes,"helmet, vest, goggles, safety_shoes",,"helmet, vest, goggles, safety_shoes",0.0,output_webcam_construction6_fixed\evidences\20260414_072136_cam-gate_cam_1_id-10_missing-helmet-vest-goggles-safety_shoes.jpg
2026-04-14 07:21:37,gate_cam_1,general_factory,10,missing_helmet_and_vest_and_goggles_and_safety_shoes,"helmet, vest, goggles, safety_shoes",,"helmet, vest, goggles, safety_shoes",0.0,output_webcam_construction6_fixed\evidences\20260414_072137_cam-gate_cam_1_id-10_missing-helmet-vest-goggles-safety_shoes.jpg
2026-04-14 07:21:38,gate_cam_1,general_factory,10,missing_helmet_and_vest_and_goggles_and_safety_shoes,"helmet, vest, goggles, safety_shoes",,"helmet, vest, goggles, safety_shoes",0.0,output_webcam_construction6_fixed\evidences\20260414_072138_cam-gate_cam_1_id-10_missing-helmet-vest-goggles-safety_shoes.jpg
2026-04-14 07:21:38,gate_cam_1,general_factory,10,missing_helmet_and_vest_and_goggles_and_safety_shoes,"helmet, vest, goggles, safety_shoes",,"helmet, vest, goggles, safety_shoes",0.0,output_webcam_construction6_fixed\evidences\20260414_072138_cam-gate_cam_1_id-10_missing-helmet-vest-goggles-safety_shoes.jpg
2026-04-14 07:21:38,gate_cam_1,general_factory,10,missing_helmet_and_vest_and_goggles_and_safety_shoes,"helmet, vest, goggles, safety_shoes",,"helmet, vest, goggles, safety_shoes",0.0,output_webcam_construction6_fixed\evidences\20260414_072138_cam-gate_cam_1_id-10_missing-helmet-vest-goggles-safety_shoes.jpg
2026-04-14 07:21:39,gate_cam_1,general_factory,10,missing_helmet_and_vest_and_goggles_and_safety_shoes,"helmet, vest, goggles, safety_shoes",,"helmet, vest, goggles, safety_shoes",0.0,output_webcam_construction6_fixed\evidences\20260414_072139_cam-gate_cam_1_id-10_missing-helmet-vest-goggles-safety_shoes.jpg
2026-04-14 07:21:39,gate_cam_1,general_factory,10,missing_helmet_and_vest_and_goggles_and_safety_shoes,"helmet, vest, goggles, safety_shoes",,"helmet, vest, goggles, safety_shoes",0.0,output_webcam_construction6_fixed\evidences\20260414_072139_cam-gate_cam_1_id-10_missing-helmet-vest-goggles-safety_shoes.jpg
2026-04-14 07:21:39,gate_cam_1,general_factory,10,missing_helmet_and_vest_and_goggles_and_safety_shoes,"helmet, vest, goggles, safety_shoes",,"helmet, vest, goggles, safety_shoes",0.0,output_webcam_construction6_fixed\evidences\20260414_072139_cam-gate_cam_1_id-10_missing-helmet-vest-goggles-safety_shoes.jpg
2026-04-14 07:21:39,gate_cam_1,general_factory,10,missing_helmet_and_vest_and_goggles_and_safety_shoes,"helmet, vest, goggles, safety_shoes",,"helmet, vest, goggles, safety_shoes",0.0,output_webcam_construction6_fixed\evidences\20260414_072139_cam-gate_cam_1_id-10_missing-helmet-vest-goggles-safety_shoes.jpg
2026-04-14 07:21:40,gate_cam_1,general_factory,10,missing_helmet_and_vest_and_goggles_and_safety_shoes,"helmet, vest, goggles, safety_shoes",,"helmet, vest, goggles, safety_shoes",0.0,output_webcam_construction6_fixed\evidences\20260414_072140_cam-gate_cam_1_id-10_missing-helmet-vest-goggles-safety_shoes.jpg
2026-04-14 07:21:40,gate_cam_1,general_factory,10,missing_helmet_and_vest_and_goggles_and_safety_shoes,"helmet, vest, goggles, safety_shoes",,"helmet, vest, goggles, safety_shoes",0.0,output_webcam_construction6_fixed\evidences\20260414_072140_cam-gate_cam_1_id-10_missing-helmet-vest-goggles-safety_shoes.jpg
2026-04-14 07:21:40,gate_cam_1,general_factory,10,missing_helmet_and_vest_and_goggles_and_safety_shoes,"helmet, vest, goggles, safety_shoes",,"helmet, vest, goggles, safety_shoes",0.0,output_webcam_construction6_fixed\evidences\20260414_072140_cam-gate_cam_1_id-10_missing-helmet-vest-goggles-safety_shoes.jpg
2026-04-14 07:21:41,gate_cam_1,general_factory,10,missing_helmet_and_vest_and_goggles_and_safety_shoes,"helmet, vest, goggles, safety_shoes",,"helmet, vest, goggles, safety_shoes",0.0,output_webcam_construction6_fixed\evidences\20260414_072141_cam-gate_cam_1_id-10_missing-helmet-vest-goggles-safety_shoes.jpg
2026-04-14 07:21:41,gate_cam_1,general_factory,10,missing_helmet_and_vest_and_goggles_and_safety_shoes,"helmet, vest, goggles, safety_shoes",,"helmet, vest, goggles, safety_shoes",0.0,output_webcam_construction6_fixed\evidences\20260414_072141_cam-gate_cam_1_id-10_missing-helmet-vest-goggles-safety_shoes.jpg
2026-04-14 07:21:41,gate_cam_1,general_factory,10,missing_helmet_and_vest_and_goggles_and_safety_shoes,"helmet, vest, goggles, safety_shoes",,"helmet, vest, goggles, safety_shoes",0.0,output_webcam_construction6_fixed\evidences\20260414_072141_cam-gate_cam_1_id-10_missing-helmet-vest-goggles-safety_shoes.jpg
2026-04-14 07:21:42,gate_cam_1,general_factory,10,missing_helmet_and_vest_and_goggles_and_safety_shoes,"helmet, vest, goggles, safety_shoes",,"helmet, vest, goggles, safety_shoes",0.0,output_webcam_construction6_fixed\evidences\20260414_072142_cam-gate_cam_1_id-10_missing-helmet-vest-goggles-safety_shoes.jpg
2026-04-14 07:21:42,gate_cam_1,general_factory,10,missing_helmet_and_vest_and_goggles_and_safety_shoes,"helmet, vest, goggles, safety_shoes",,"helmet, vest, goggles, safety_shoes",0.0,output_webcam_construction6_fixed\evidences\20260414_072142_cam-gate_cam_1_id-10_missing-helmet-vest-goggles-safety_shoes.jpg
2026-04-14 07:21:42,gate_cam_1,general_factory,10,missing_helmet_and_vest_and_goggles_and_safety_shoes,"helmet, vest, goggles, safety_shoes",,"helmet, vest, goggles, safety_shoes",0.0,output_webcam_construction6_fixed\evidences\20260414_072142_cam-gate_cam_1_id-10_missing-helmet-vest-goggles-safety_shoes.jpg
2026-04-14 07:21:43,gate_cam_1,general_factory,10,missing_helmet_and_vest_and_goggles_and_safety_shoes,"helmet, vest, goggles, safety_shoes",,"helmet, vest, goggles, safety_shoes",0.0,output_webcam_construction6_fixed\evidences\20260414_072143_cam-gate_cam_1_id-10_missing-helmet-vest-goggles-safety_shoes.jpg
2026-04-14 07:21:43,gate_cam_1,general_factory,10,missing_helmet_and_vest_and_goggles_and_safety_shoes,"helmet, vest, goggles, safety_shoes",,"helmet, vest, goggles, safety_shoes",0.0,output_webcam_construction6_fixed\evidences\20260414_072143_cam-gate_cam_1_id-10_missing-helmet-vest-goggles-safety_shoes.jpg
2026-04-14 07:21:43,gate_cam_1,general_factory,10,missing_helmet_and_vest_and_goggles_and_safety_shoes,"helmet, vest, goggles, safety_shoes",,"helmet, vest, goggles, safety_shoes",0.0,output_webcam_construction6_fixed\evidences\20260414_072143_cam-gate_cam_1_id-10_missing-helmet-vest-goggles-safety_shoes.jpg
2026-04-14 07:21:43,gate_cam_1,general_factory,10,missing_helmet_and_vest_and_goggles_and_safety_shoes,"helmet, vest, goggles, safety_shoes",,"helmet, vest, goggles, safety_shoes",0.0,output_webcam_construction6_fixed\evidences\20260414_072143_cam-gate_cam_1_id-10_missing-helmet-vest-goggles-safety_shoes.jpg
2026-04-14 07:21:44,gate_cam_1,general_factory,10,missing_helmet_and_vest_and_goggles_and_safety_shoes,"helmet, vest, goggles, safety_shoes",,"helmet, vest, goggles, safety_shoes",0.0,output_webcam_construction6_fixed\evidences\20260414_072144_cam-gate_cam_1_id-10_missing-helmet-vest-goggles-safety_shoes.jpg
2026-04-14 07:21:44,gate_cam_1,general_factory,10,missing_helmet_and_vest_and_goggles_and_safety_shoes,"helmet, vest, goggles, safety_shoes",,"helmet, vest, goggles, safety_shoes",0.0,output_webcam_construction6_fixed\evidences\20260414_072144_cam-gate_cam_1_id-10_missing-helmet-vest-goggles-safety_shoes.jpg
2026-04-14 07:21:44,gate_cam_1,general_factory,10,missing_helmet_and_vest_and_goggles_and_safety_shoes,"helmet, vest, goggles, safety_shoes",,"helmet, vest, goggles, safety_shoes",0.0,output_webcam_construction6_fixed\evidences\20260414_072144_cam-gate_cam_1_id-10_missing-helmet-vest-goggles-safety_shoes.jpg
2026-04-14 07:21:45,gate_cam_1,general_factory,10,missing_helmet_and_vest_and_goggles_and_safety_shoes,"helmet, vest, goggles, safety_shoes",,"helmet, vest, goggles, safety_shoes",0.0,output_webcam_construction6_fixed\evidences\20260414_072145_cam-gate_cam_1_id-10_missing-helmet-vest-goggles-safety_shoes.jpg
2026-04-14 07:21:45,gate_cam_1,general_factory,10,missing_helmet_and_vest_and_goggles_and_safety_shoes,"helmet, vest, goggles, safety_shoes",,"helmet, vest, goggles, safety_shoes",0.0,output_webcam_construction6_fixed\evidences\20260414_072145_cam-gate_cam_1_id-10_missing-helmet-vest-goggles-safety_shoes.jpg
2026-04-14 07:21:45,gate_cam_1,general_factory,10,missing_helmet_and_vest_and_goggles_and_safety_shoes,"helmet, vest, goggles, safety_shoes",,"helmet, vest, goggles, safety_shoes",0.0,output_webcam_construction6_fixed\evidences\20260414_072145_cam-gate_cam_1_id-10_missing-helmet-vest-goggles-safety_shoes.jpg
2026-04-14 07:21:46,gate_cam_1,general_factory,10,missing_helmet_and_vest_and_goggles_and_safety_shoes,"helmet, vest, goggles, safety_shoes",,"helmet, vest, goggles, safety_shoes",0.0,output_webcam_construction6_fixed\evidences\20260414_072146_cam-gate_cam_1_id-10_missing-helmet-vest-goggles-safety_shoes.jpg
2026-04-14 07:21:46,gate_cam_1,general_factory,10,missing_helmet_and_vest_and_goggles_and_safety_shoes,"helmet, vest, goggles, safety_shoes",,"helmet, vest, goggles, safety_shoes",0.0,output_webcam_construction6_fixed\evidences\20260414_072146_cam-gate_cam_1_id-10_missing-helmet-vest-goggles-safety_shoes.jpg
2026-04-14 07:21:46,gate_cam_1,general_factory,10,missing_helmet_and_vest_and_goggles_and_safety_shoes,"helmet, vest, goggles, safety_shoes",,"helmet, vest, goggles, safety_shoes",0.0,output_webcam_construction6_fixed\evidences\20260414_072146_cam-gate_cam_1_id-10_missing-helmet-vest-goggles-safety_shoes.jpg
2026-04-14 07:21:46,gate_cam_1,general_factory,10,missing_helmet_and_vest_and_goggles_and_safety_shoes,"helmet, vest, goggles, safety_shoes",,"helmet, vest, goggles, safety_shoes",0.0,output_webcam_construction6_fixed\evidences\20260414_072146_cam-gate_cam_1_id-10_missing-helmet-vest-goggles-safety_shoes.jpg
2026-04-14 07:21:47,gate_cam_1,general_factory,10,missing_helmet_and_vest_and_goggles_and_safety_shoes,"helmet, vest, goggles, safety_shoes",,"helmet, vest, goggles, safety_shoes",0.0,output_webcam_construction6_fixed\evidences\20260414_072147_cam-gate_cam_1_id-10_missing-helmet-vest-goggles-safety_shoes.jpg
2026-04-14 07:21:47,gate_cam_1,general_factory,10,missing_helmet_and_vest_and_goggles_and_safety_shoes,"helmet, vest, goggles, safety_shoes",,"helmet, vest, goggles, safety_shoes",0.0,output_webcam_construction6_fixed\evidences\20260414_072147_cam-gate_cam_1_id-10_missing-helmet-vest-goggles-safety_shoes.jpg
2026-04-14 07:21:47,gate_cam_1,general_factory,10,missing_helmet_and_vest_and_goggles_and_safety_shoes,"helmet, vest, goggles, safety_shoes",,"helmet, vest, goggles, safety_shoes",0.0,output_webcam_construction6_fixed\evidences\20260414_072147_cam-gate_cam_1_id-10_missing-helmet-vest-goggles-safety_shoes.jpg
2026-04-14 07:21:48,gate_cam_1,general_factory,10,missing_helmet_and_vest_and_goggles_and_safety_shoes,"helmet, vest, goggles, safety_shoes",,"helmet, vest, goggles, safety_shoes",0.0,output_webcam_construction6_fixed\evidences\20260414_072148_cam-gate_cam_1_id-10_missing-helmet-vest-goggles-safety_shoes.jpg
2026-04-14 07:21:48,gate_cam_1,general_factory,10,missing_helmet_and_vest_and_goggles_and_safety_shoes,"helmet, vest, goggles, safety_shoes",,"helmet, vest, goggles, safety_shoes",0.0,output_webcam_construction6_fixed\evidences\20260414_072148_cam-gate_cam_1_id-10_missing-helmet-vest-goggles-safety_shoes.jpg
2026-04-14 07:21:48,gate_cam_1,general_factory,10,missing_helmet_and_vest_and_goggles_and_safety_shoes,"helmet, vest, goggles, safety_shoes",,"helmet, vest, goggles, safety_shoes",0.0,output_webcam_construction6_fixed\evidences\20260414_072148_cam-gate_cam_1_id-10_missing-helmet-vest-goggles-safety_shoes.jpg
2026-04-14 07:21:49,gate_cam_1,general_factory,10,missing_helmet_and_vest_and_goggles_and_safety_shoes,"helmet, vest, goggles, safety_shoes",,"helmet, vest, goggles, safety_shoes",0.0,output_webcam_construction6_fixed\evidences\20260414_072149_cam-gate_cam_1_id-10_missing-helmet-vest-goggles-safety_shoes.jpg
2026-04-14 07:21:49,gate_cam_1,general_factory,10,missing_helmet_and_vest_and_goggles_and_safety_shoes,"helmet, vest, goggles, safety_shoes",,"helmet, vest, goggles, safety_shoes",0.0,output_webcam_construction6_fixed\evidences\20260414_072149_cam-gate_cam_1_id-10_missing-helmet-vest-goggles-safety_shoes.jpg
2026-04-14 07:21:49,gate_cam_1,general_factory,10,missing_helmet_and_vest_and_goggles_and_safety_shoes,"helmet, vest, goggles, safety_shoes",,"helmet, vest, goggles, safety_shoes",0.0,output_webcam_construction6_fixed\evidences\20260414_072149_cam-gate_cam_1_id-10_missing-helmet-vest-goggles-safety_shoes.jpg
2026-04-14 07:21:50,gate_cam_1,general_factory,10,missing_helmet_and_vest_and_goggles_and_safety_shoes,"helmet, vest, goggles, safety_shoes",,"helmet, vest, goggles, safety_shoes",0.0,output_webcam_construction6_fixed\evidences\20260414_072150_cam-gate_cam_1_id-10_missing-helmet-vest-goggles-safety_shoes.jpg
2026-04-14 07:21:50,gate_cam_1,general_factory,10,missing_helmet_and_vest_and_goggles_and_safety_shoes,"helmet, vest, goggles, safety_shoes",,"helmet, vest, goggles, safety_shoes",0.0,output_webcam_construction6_fixed\evidences\20260414_072150_cam-gate_cam_1_id-10_missing-helmet-vest-goggles-safety_shoes.jpg
2026-04-14 07:21:50,gate_cam_1,general_factory,10,missing_helmet_and_vest_and_goggles_and_safety_shoes,"helmet, vest, goggles, safety_shoes",,"helmet, vest, goggles, safety_shoes",0.0,output_webcam_construction6_fixed\evidences\20260414_072150_cam-gate_cam_1_id-10_missing-helmet-vest-goggles-safety_shoes.jpg
2026-04-14 07:21:50,gate_cam_1,general_factory,10,missing_helmet_and_vest_and_goggles_and_safety_shoes,"helmet, vest, goggles, safety_shoes",,"helmet, vest, goggles, safety_shoes",0.0,output_webcam_construction6_fixed\evidences\20260414_072150_cam-gate_cam_1_id-10_missing-helmet-vest-goggles-safety_shoes.jpg
2026-04-14 07:21:51,gate_cam_1,general_factory,10,missing_helmet_and_vest_and_goggles_and_safety_shoes,"helmet, vest, goggles, safety_shoes",,"helmet, vest, goggles, safety_shoes",0.0,output_webcam_construction6_fixed\evidences\20260414_072151_cam-gate_cam_1_id-10_missing-helmet-vest-goggles-safety_shoes.jpg
2026-04-14 07:21:51,gate_cam_1,general_factory,10,missing_helmet_and_vest_and_goggles_and_safety_shoes,"helmet, vest, goggles, safety_shoes",,"helmet, vest, goggles, safety_shoes",0.0,output_webcam_construction6_fixed\evidences\20260414_072151_cam-gate_cam_1_id-10_missing-helmet-vest-goggles-safety_shoes.jpg
2026-04-14 07:21:51,gate_cam_1,general_factory,10,missing_helmet_and_vest_and_goggles_and_safety_shoes,"helmet, vest, goggles, safety_shoes",,"helmet, vest, goggles, safety_shoes",0.0,output_webcam_construction6_fixed\evidences\20260414_072151_cam-gate_cam_1_id-10_missing-helmet-vest-goggles-safety_shoes.jpg
2026-04-14 07:21:52,gate_cam_1,general_factory,10,missing_helmet_and_vest_and_goggles_and_safety_shoes,"helmet, vest, goggles, safety_shoes",,"helmet, vest, goggles, safety_shoes",0.0,output_webcam_construction6_fixed\evidences\20260414_072152_cam-gate_cam_1_id-10_missing-helmet-vest-goggles-safety_shoes.jpg
2026-04-14 07:21:52,gate_cam_1,general_factory,10,missing_helmet_and_vest_and_goggles_and_safety_shoes,"helmet, vest, goggles, safety_shoes",,"helmet, vest, goggles, safety_shoes",0.0,output_webcam_construction6_fixed\evidences\20260414_072152_cam-gate_cam_1_id-10_missing-helmet-vest-goggles-safety_shoes.jpg
2026-04-14 07:21:52,gate_cam_1,general_factory,10,missing_helmet_and_vest_and_goggles_and_safety_shoes,"helmet, vest, goggles, safety_shoes",,"helmet, vest, goggles, safety_shoes",0.0,output_webcam_construction6_fixed\evidences\20260414_072152_cam-gate_cam_1_id-10_missing-helmet-vest-goggles-safety_shoes.jpg
2026-04-14 07:21:53,gate_cam_1,general_factory,10,missing_helmet_and_vest_and_goggles_and_safety_shoes,"helmet, vest, goggles, safety_shoes",,"helmet, vest, goggles, safety_shoes",0.0,output_webcam_construction6_fixed\evidences\20260414_072153_cam-gate_cam_1_id-10_missing-helmet-vest-goggles-safety_shoes.jpg
2026-04-14 07:21:53,gate_cam_1,general_factory,10,missing_helmet_and_vest_and_goggles_and_safety_shoes,"helmet, vest, goggles, safety_shoes",,"helmet, vest, goggles, safety_shoes",0.0,output_webcam_construction6_fixed\evidences\20260414_072153_cam-gate_cam_1_id-10_missing-helmet-vest-goggles-safety_shoes.jpg
2026-04-14 07:21:53,gate_cam_1,general_factory,10,missing_helmet_and_vest_and_goggles_and_safety_shoes,"helmet, vest, goggles, safety_shoes",,"helmet, vest, goggles, safety_shoes",0.0,output_webcam_construction6_fixed\evidences\20260414_072153_cam-gate_cam_1_id-10_missing-helmet-vest-goggles-safety_shoes.jpg
2026-04-14 07:21:54,gate_cam_1,general_factory,10,missing_helmet_and_vest_and_goggles_and_safety_shoes,"helmet, vest, goggles, safety_shoes",,"helmet, vest, goggles, safety_shoes",0.0,output_webcam_construction6_fixed\evidences\20260414_072154_cam-gate_cam_1_id-10_missing-helmet-vest-goggles-safety_shoes.jpg
2026-04-14 07:21:54,gate_cam_1,general_factory,10,missing_helmet_and_vest_and_goggles_and_safety_shoes,"helmet, vest, goggles, safety_shoes",,"helmet, vest, goggles, safety_shoes",0.0,output_webcam_construction6_fixed\evidences\20260414_072154_cam-gate_cam_1_id-10_missing-helmet-vest-goggles-safety_shoes.jpg
2026-04-14 07:21:54,gate_cam_1,general_factory,10,missing_helmet_and_vest_and_goggles_and_safety_shoes,"helmet, vest, goggles, safety_shoes",,"helmet, vest, goggles, safety_shoes",0.0,output_webcam_construction6_fixed\evidences\20260414_072154_cam-gate_cam_1_id-10_missing-helmet-vest-goggles-safety_shoes.jpg
2026-04-14 07:21:55,gate_cam_1,general_factory,10,missing_helmet_and_vest_and_goggles_and_safety_shoes,"helmet, vest, goggles, safety_shoes",,"helmet, vest, goggles, safety_shoes",0.0,output_webcam_construction6_fixed\evidences\20260414_072155_cam-gate_cam_1_id-10_missing-helmet-vest-goggles-safety_shoes.jpg
2026-04-14 07:21:55,gate_cam_1,general_factory,10,missing_helmet_and_vest_and_goggles_and_safety_shoes,"helmet, vest, goggles, safety_shoes",,"helmet, vest, goggles, safety_shoes",0.0,output_webcam_construction6_fixed\evidences\20260414_072155_cam-gate_cam_1_id-10_missing-helmet-vest-goggles-safety_shoes.jpg
2026-04-14 07:21:55,gate_cam_1,general_factory,10,missing_helmet_and_vest_and_goggles_and_safety_shoes,"helmet, vest, goggles, safety_shoes",,"helmet, vest, goggles, safety_shoes",0.0,output_webcam_construction6_fixed\evidences\20260414_072155_cam-gate_cam_1_id-10_missing-helmet-vest-goggles-safety_shoes.jpg
2026-04-14 07:21:56,gate_cam_1,general_factory,10,missing_helmet_and_vest_and_goggles_and_safety_shoes,"helmet, vest, goggles, safety_shoes",,"helmet, vest, goggles, safety_shoes",0.0,output_webcam_construction6_fixed\evidences\20260414_072156_cam-gate_cam_1_id-10_missing-helmet-vest-goggles-safety_shoes.jpg
2026-04-14 07:21:56,gate_cam_1,general_factory,10,missing_helmet_and_vest_and_goggles_and_safety_shoes,"helmet, vest, goggles, safety_shoes",,"helmet, vest, goggles, safety_shoes",0.0,output_webcam_construction6_fixed\evidences\20260414_072156_cam-gate_cam_1_id-10_missing-helmet-vest-goggles-safety_shoes.jpg
2026-04-14 07:21:56,gate_cam_1,general_factory,10,missing_helmet_and_vest_and_goggles_and_safety_shoes,"helmet, vest, goggles, safety_shoes",,"helmet, vest, goggles, safety_shoes",0.0,output_webcam_construction6_fixed\evidences\20260414_072156_cam-gate_cam_1_id-10_missing-helmet-vest-goggles-safety_shoes.jpg
2026-04-14 07:21:57,gate_cam_1,general_factory,10,missing_helmet_and_vest_and_goggles_and_safety_shoes,"helmet, vest, goggles, safety_shoes",,"helmet, vest, goggles, safety_shoes",0.0,output_webcam_construction6_fixed\evidences\20260414_072157_cam-gate_cam_1_id-10_missing-helmet-vest-goggles-safety_shoes.jpg
2026-04-14 07:21:57,gate_cam_1,general_factory,10,missing_helmet_and_vest_and_goggles_and_safety_shoes,"helmet, vest, goggles, safety_shoes",,"helmet, vest, goggles, safety_shoes",0.0,output_webcam_construction6_fixed\evidences\20260414_072157_cam-gate_cam_1_id-10_missing-helmet-vest-goggles-safety_shoes.jpg
2026-04-14 07:21:58,gate_cam_1,general_factory,10,missing_helmet_and_vest_and_goggles_and_safety_shoes,"helmet, vest, goggles, safety_shoes",,"helmet, vest, goggles, safety_shoes",0.0,output_webcam_construction6_fixed\evidences\20260414_072158_cam-gate_cam_1_id-10_missing-helmet-vest-goggles-safety_shoes.jpg
2026-04-14 07:21:58,gate_cam_1,general_factory,10,missing_helmet_and_vest_and_goggles_and_safety_shoes,"helmet, vest, goggles, safety_shoes",,"helmet, vest, goggles, safety_shoes",0.0,output_webcam_construction6_fixed\evidences\20260414_072158_cam-gate_cam_1_id-10_missing-helmet-vest-goggles-safety_shoes.jpg
2026-04-14 07:21:58,gate_cam_1,general_factory,10,missing_helmet_and_vest_and_goggles_and_safety_shoes,"helmet, vest, goggles, safety_shoes",,"helmet, vest, goggles, safety_shoes",0.0,output_webcam_construction6_fixed\evidences\20260414_072158_cam-gate_cam_1_id-10_missing-helmet-vest-goggles-safety_shoes.jpg
2026-04-14 07:21:59,gate_cam_1,general_factory,10,missing_helmet_and_vest_and_goggles_and_safety_shoes,"helmet, vest, goggles, safety_shoes",,"helmet, vest, goggles, safety_shoes",0.0,output_webcam_construction6_fixed\evidences\20260414_072159_cam-gate_cam_1_id-10_missing-helmet-vest-goggles-safety_shoes.jpg
2026-04-14 07:21:59,gate_cam_1,general_factory,10,missing_helmet_and_vest_and_goggles_and_safety_shoes,"helmet, vest, goggles, safety_shoes",,"helmet, vest, goggles, safety_shoes",0.0,output_webcam_construction6_fixed\evidences\20260414_072159_cam-gate_cam_1_id-10_missing-helmet-vest-goggles-safety_shoes.jpg
2026-04-14 07:22:00,gate_cam_1,general_factory,10,missing_helmet_and_vest_and_goggles_and_safety_shoes,"helmet, vest, goggles, safety_shoes",,"helmet, vest, goggles, safety_shoes",0.0,output_webcam_construction6_fixed\evidences\20260414_072200_cam-gate_cam_1_id-10_missing-helmet-vest-goggles-safety_shoes.jpg
2026-04-14 07:22:00,gate_cam_1,general_factory,10,missing_helmet_and_vest_and_goggles_and_safety_shoes,"helmet, vest, goggles, safety_shoes",,"helmet, vest, goggles, safety_shoes",0.0,output_webcam_construction6_fixed\evidences\20260414_072200_cam-gate_cam_1_id-10_missing-helmet-vest-goggles-safety_shoes.jpg
2026-04-14 07:22:00,gate_cam_1,general_factory,10,missing_helmet_and_vest_and_goggles_and_safety_shoes,"helmet, vest, goggles, safety_shoes",,"helmet, vest, goggles, safety_shoes",0.0,output_webcam_construction6_fixed\evidences\20260414_072200_cam-gate_cam_1_id-10_missing-helmet-vest-goggles-safety_shoes.jpg
2026-04-14 07:22:01,gate_cam_1,general_factory,10,missing_helmet_and_vest_and_goggles_and_safety_shoes,"helmet, vest, goggles, safety_shoes",,"helmet, vest, goggles, safety_shoes",0.0,output_webcam_construction6_fixed\evidences\20260414_072201_cam-gate_cam_1_id-10_missing-helmet-vest-goggles-safety_shoes.jpg
2026-04-14 07:22:01,gate_cam_1,general_factory,10,missing_helmet_and_vest_and_goggles_and_safety_shoes,"helmet, vest, goggles, safety_shoes",,"helmet, vest, goggles, safety_shoes",0.0,output_webcam_construction6_fixed\evidences\20260414_072201_cam-gate_cam_1_id-10_missing-helmet-vest-goggles-safety_shoes.jpg
2026-04-14 07:22:01,gate_cam_1,general_factory,10,missing_helmet_and_vest_and_goggles_and_safety_shoes,"helmet, vest, goggles, safety_shoes",,"helmet, vest, goggles, safety_shoes",0.0,output_webcam_construction6_fixed\evidences\20260414_072201_cam-gate_cam_1_id-10_missing-helmet-vest-goggles-safety_shoes.jpg
2026-04-14 07:22:02,gate_cam_1,general_factory,10,missing_helmet_and_vest_and_goggles_and_safety_shoes,"helmet, vest, goggles, safety_shoes",,"helmet, vest, goggles, safety_shoes",0.0,output_webcam_construction6_fixed\evidences\20260414_072202_cam-gate_cam_1_id-10_missing-helmet-vest-goggles-safety_shoes.jpg
2026-04-14 07:22:02,gate_cam_1,general_factory,10,missing_helmet_and_vest_and_goggles_and_safety_shoes,"helmet, vest, goggles, safety_shoes",,"helmet, vest, goggles, safety_shoes",0.0,output_webcam_construction6_fixed\evidences\20260414_072202_cam-gate_cam_1_id-10_missing-helmet-vest-goggles-safety_shoes.jpg
2026-04-14 07:22:03,gate_cam_1,general_factory,10,missing_helmet_and_vest_and_goggles_and_safety_shoes,"helmet, vest, goggles, safety_shoes",,"helmet, vest, goggles, safety_shoes",0.0,output_webcam_construction6_fixed\evidences\20260414_072203_cam-gate_cam_1_id-10_missing-helmet-vest-goggles-safety_shoes.jpg
2026-04-14 07:22:03,gate_cam_1,general_factory,10,missing_helmet_and_vest_and_goggles_and_safety_shoes,"helmet, vest, goggles, safety_shoes",,"helmet, vest, goggles, safety_shoes",0.0,output_webcam_construction6_fixed\evidences\20260414_072203_cam-gate_cam_1_id-10_missing-helmet-vest-goggles-safety_shoes.jpg
2026-04-14 07:22:04,gate_cam_1,general_factory,10,missing_helmet_and_vest_and_goggles_and_safety_shoes,"helmet, vest, goggles, safety_shoes",,"helmet, vest, goggles, safety_shoes",0.0,output_webcam_construction6_fixed\evidences\20260414_072204_cam-gate_cam_1_id-10_missing-helmet-vest-goggles-safety_shoes.jpg
2026-04-14 07:22:04,gate_cam_1,general_factory,10,missing_helmet_and_vest_and_goggles_and_safety_shoes,"helmet, vest, goggles, safety_shoes",,"helmet, vest, goggles, safety_shoes",0.0,output_webcam_construction6_fixed\evidences\20260414_072204_cam-gate_cam_1_id-10_missing-helmet-vest-goggles-safety_shoes.jpg
2026-04-14 07:22:04,gate_cam_1,general_factory,10,missing_helmet_and_vest_and_goggles_and_safety_shoes,"helmet, vest, goggles, safety_shoes",,"helmet, vest, goggles, safety_shoes",0.0,output_webcam_construction6_fixed\evidences\20260414_072204_cam-gate_cam_1_id-10_missing-helmet-vest-goggles-safety_shoes.jpg
2026-04-14 07:22:05,gate_cam_1,general_factory,10,missing_helmet_and_vest_and_goggles_and_safety_shoes,"helmet, vest, goggles, safety_shoes",,"helmet, vest, goggles, safety_shoes",0.0,output_webcam_construction6_fixed\evidences\20260414_072205_cam-gate_cam_1_id-10_missing-helmet-vest-goggles-safety_shoes.jpg
2026-04-14 08:23:23,gate_cam_1,general_factory,1,missing_helmet_and_vest_and_goggles_and_safety_shoes,"helmet, vest, goggles, safety_shoes",,"helmet, vest, goggles, safety_shoes",0.0,output_webcam_construction6_fixed\evidences\20260414_082323_cam-gate_cam_1_id-1_missing-helmet-vest-goggles-safety_shoes.jpg
2026-04-14 08:23:23,gate_cam_1,general_factory,1,missing_helmet_and_vest_and_goggles_and_safety_shoes,"helmet, vest, goggles, safety_shoes",,"helmet, vest, goggles, safety_shoes",0.0,output_webcam_construction6_fixed\evidences\20260414_082323_cam-gate_cam_1_id-1_missing-helmet-vest-goggles-safety_shoes.jpg
2026-04-14 08:23:23,gate_cam_1,general_factory,1,missing_helmet_and_vest_and_goggles_and_safety_shoes,"helmet, vest, goggles, safety_shoes",,"helmet, vest, goggles, safety_shoes",0.0,output_webcam_construction6_fixed\evidences\20260414_082323_cam-gate_cam_1_id-1_missing-helmet-vest-goggles-safety_shoes.jpg
2026-04-14 08:23:24,gate_cam_1,general_factory,1,missing_helmet_and_vest_and_goggles_and_safety_shoes,"helmet, vest, goggles, safety_shoes",,"helmet, vest, goggles, safety_shoes",0.0,output_webcam_construction6_fixed\evidences\20260414_082324_cam-gate_cam_1_id-1_missing-helmet-vest-goggles-safety_shoes.jpg
2026-04-14 08:23:24,gate_cam_1,general_factory,1,missing_helmet_and_vest_and_goggles_and_safety_shoes,"helmet, vest, goggles, safety_shoes",,"helmet, vest, goggles, safety_shoes",0.0,output_webcam_construction6_fixed\evidences\20260414_082324_cam-gate_cam_1_id-1_missing-helmet-vest-goggles-safety_shoes.jpg
2026-04-14 08:23:25,gate_cam_1,general_factory,1,missing_helmet_and_vest_and_goggles_and_safety_shoes,"helmet, vest, goggles, safety_shoes",,"helmet, vest, goggles, safety_shoes",0.0,output_webcam_construction6_fixed\evidences\20260414_082325_cam-gate_cam_1_id-1_missing-helmet-vest-goggles-safety_shoes.jpg
2026-04-14 08:23:25,gate_cam_1,general_factory,1,missing_helmet_and_vest_and_goggles_and_safety_shoes,"helmet, vest, goggles, safety_shoes",,"helmet, vest, goggles, safety_shoes",0.0,output_webcam_construction6_fixed\evidences\20260414_082325_cam-gate_cam_1_id-1_missing-helmet-vest-goggles-safety_shoes.jpg
2026-04-14 08:23:26,gate_cam_1,general_factory,3,missing_helmet_and_vest_and_goggles_and_safety_shoes,"helmet, vest, goggles, safety_shoes",,"helmet, vest, goggles, safety_shoes",0.0,output_webcam_construction6_fixed\evidences\20260414_082326_cam-gate_cam_1_id-3_missing-helmet-vest-goggles-safety_shoes.jpg
2026-04-14 08:23:26,gate_cam_1,general_factory,1,missing_helmet_and_vest_and_goggles_and_safety_shoes,"helmet, vest, goggles, safety_shoes",,"helmet, vest, goggles, safety_shoes",0.0,output_webcam_construction6_fixed\evidences\20260414_082326_cam-gate_cam_1_id-1_missing-helmet-vest-goggles-safety_shoes.jpg
2026-04-14 08:23:26,gate_cam_1,general_factory,3,missing_helmet_and_vest_and_goggles_and_safety_shoes,"helmet, vest, goggles, safety_shoes",,"helmet, vest, goggles, safety_shoes",0.0,output_webcam_construction6_fixed\evidences\20260414_082326_cam-gate_cam_1_id-3_missing-helmet-vest-goggles-safety_shoes.jpg
2026-04-14 08:23:26,gate_cam_1,general_factory,1,missing_helmet_and_vest_and_goggles_and_safety_shoes,"helmet, vest, goggles, safety_shoes",,"helmet, vest, goggles, safety_shoes",0.0,output_webcam_construction6_fixed\evidences\20260414_082326_cam-gate_cam_1_id-1_missing-helmet-vest-goggles-safety_shoes.jpg
2026-04-14 08:23:27,gate_cam_1,general_factory,3,missing_helmet_and_vest_and_goggles_and_safety_shoes,"helmet, vest, goggles, safety_shoes",,"helmet, vest, goggles, safety_shoes",0.0,output_webcam_construction6_fixed\evidences\20260414_082327_cam-gate_cam_1_id-3_missing-helmet-vest-goggles-safety_shoes.jpg
2026-04-14 08:23:27,gate_cam_1,general_factory,1,missing_helmet_and_vest_and_goggles_and_safety_shoes,"helmet, vest, goggles, safety_shoes",,"helmet, vest, goggles, safety_shoes",0.0,output_webcam_construction6_fixed\evidences\20260414_082327_cam-gate_cam_1_id-1_missing-helmet-vest-goggles-safety_shoes.jpg
2026-04-14 08:23:27,gate_cam_1,general_factory,3,missing_helmet_and_vest_and_goggles_and_safety_shoes,"helmet, vest, goggles, safety_shoes",,"helmet, vest, goggles, safety_shoes",0.0,output_webcam_construction6_fixed\evidences\20260414_082327_cam-gate_cam_1_id-3_missing-helmet-vest-goggles-safety_shoes.jpg
2026-04-14 08:23:27,gate_cam_1,general_factory,1,missing_helmet_and_vest_and_goggles_and_safety_shoes,"helmet, vest, goggles, safety_shoes",,"helmet, vest, goggles, safety_shoes",0.0,output_webcam_construction6_fixed\evidences\20260414_082327_cam-gate_cam_1_id-1_missing-helmet-vest-goggles-safety_shoes.jpg
2026-04-14 08:23:27,gate_cam_1,general_factory,1,missing_helmet_and_vest_and_goggles_and_safety_shoes,"helmet, vest, goggles, safety_shoes",,"helmet, vest, goggles, safety_shoes",0.0,output_webcam_construction6_fixed\evidences\20260414_082327_cam-gate_cam_1_id-1_missing-helmet-vest-goggles-safety_shoes.jpg
2026-04-14 08:23:28,gate_cam_1,general_factory,1,missing_helmet_and_vest_and_goggles_and_safety_shoes,"helmet, vest, goggles, safety_shoes",,"helmet, vest, goggles, safety_shoes",0.0,output_webcam_construction6_fixed\evidences\20260414_082328_cam-gate_cam_1_id-1_missing-helmet-vest-goggles-safety_shoes.jpg
2026-04-14 08:23:28,gate_cam_1,general_factory,1,missing_helmet_and_vest_and_goggles_and_safety_shoes,"helmet, vest, goggles, safety_shoes",,"helmet, vest, goggles, safety_shoes",0.0,output_webcam_construction6_fixed\evidences\20260414_082328_cam-gate_cam_1_id-1_missing-helmet-vest-goggles-safety_shoes.jpg
2026-04-14 08:23:28,gate_cam_1,general_factory,1,missing_helmet_and_vest_and_goggles_and_safety_shoes,"helmet, vest, goggles, safety_shoes",,"helmet, vest, goggles, safety_shoes",0.0,output_webcam_construction6_fixed\evidences\20260414_082328_cam-gate_cam_1_id-1_missing-helmet-vest-goggles-safety_shoes.jpg
2026-04-14 08:23:29,gate_cam_1,general_factory,1,missing_helmet_and_vest_and_goggles_and_safety_shoes,"helmet, vest, goggles, safety_shoes",,"helmet, vest, goggles, safety_shoes",0.0,output_webcam_construction6_fixed\evidences\20260414_082329_cam-gate_cam_1_id-1_missing-helmet-vest-goggles-safety_shoes.jpg
2026-04-14 08:23:29,gate_cam_1,general_factory,1,missing_helmet_and_vest_and_goggles_and_safety_shoes,"helmet, vest, goggles, safety_shoes",,"helmet, vest, goggles, safety_shoes",0.0,output_webcam_construction6_fixed\evidences\20260414_082329_cam-gate_cam_1_id-1_missing-helmet-vest-goggles-safety_shoes.jpg
2026-04-14 08:23:29,gate_cam_1,general_factory,4,missing_helmet_and_vest_and_goggles_and_safety_shoes,"helmet, vest, goggles, safety_shoes",,"helmet, vest, goggles, safety_shoes",0.0,output_webcam_construction6_fixed\evidences\20260414_082329_cam-gate_cam_1_id-4_missing-helmet-vest-goggles-safety_shoes.jpg
2026-04-14 08:23:30,gate_cam_1,general_factory,4,missing_helmet_and_vest_and_goggles_and_safety_shoes,"helmet, vest, goggles, safety_shoes",,"helmet, vest, goggles, safety_shoes",0.0,output_webcam_construction6_fixed\evidences\20260414_082330_cam-gate_cam_1_id-4_missing-helmet-vest-goggles-safety_shoes.jpg
2026-04-14 08:23:30,gate_cam_1,general_factory,4,missing_helmet_and_vest_and_goggles_and_safety_shoes,"helmet, vest, goggles, safety_shoes",,"helmet, vest, goggles, safety_shoes",0.0,output_webcam_construction6_fixed\evidences\20260414_082330_cam-gate_cam_1_id-4_missing-helmet-vest-goggles-safety_shoes.jpg
2026-04-14 08:23:30,gate_cam_1,general_factory,4,missing_helmet_and_vest_and_goggles_and_safety_shoes,"helmet, vest, goggles, safety_shoes",,"helmet, vest, goggles, safety_shoes",0.0,output_webcam_construction6_fixed\evidences\20260414_082330_cam-gate_cam_1_id-4_missing-helmet-vest-goggles-safety_shoes.jpg
2026-04-14 08:23:31,gate_cam_1,general_factory,4,missing_helmet_and_vest_and_goggles_and_safety_shoes,"helmet, vest, goggles, safety_shoes",,"helmet, vest, goggles, safety_shoes",0.0,output_webcam_construction6_fixed\evidences\20260414_082331_cam-gate_cam_1_id-4_missing-helmet-vest-goggles-safety_shoes.jpg
2026-04-14 08:23:31,gate_cam_1,general_factory,4,missing_helmet_and_vest_and_goggles_and_safety_shoes,"helmet, vest, goggles, safety_shoes",,"helmet, vest, goggles, safety_shoes",0.0,output_webcam_construction6_fixed\evidences\20260414_082331_cam-gate_cam_1_id-4_missing-helmet-vest-goggles-safety_shoes.jpg
2026-04-14 08:23:32,gate_cam_1,general_factory,4,missing_helmet_and_vest_and_goggles_and_safety_shoes,"helmet, vest, goggles, safety_shoes",,"helmet, vest, goggles, safety_shoes",0.0,output_webcam_construction6_fixed\evidences\20260414_082332_cam-gate_cam_1_id-4_missing-helmet-vest-goggles-safety_shoes.jpg
2026-04-14 08:23:32,gate_cam_1,general_factory,4,missing_helmet_and_vest_and_goggles_and_safety_shoes,"helmet, vest, goggles, safety_shoes",,"helmet, vest, goggles, safety_shoes",0.0,output_webcam_construction6_fixed\evidences\20260414_082332_cam-gate_cam_1_id-4_missing-helmet-vest-goggles-safety_shoes.jpg
